{
    "train": {
        "loss": 0.04121803119778633,
        "acc": 0.9865833520889282
    },
    "eval": {
        "loss": 0.0353858508169651,
        "acc": 0.9879000186920166
    },
    "step": 9
}