step	eval/acc
0	0.9635999798774719
1	0.973800003528595
2	0.9793999791145325
3	0.9817000031471252
4	0.9846000075340271
5	0.9837999939918518
6	0.9855999946594238
7	0.9872999787330627
8	0.9868000149726868
9	0.9879000186920166
