step	eval/loss
0	0.1257239580154419
1	0.08633725345134735
2	0.062222838401794434
3	0.05428002402186394
4	0.04568067565560341
5	0.04562337324023247
6	0.0413634292781353
7	0.03914467245340347
8	0.0384567491710186
9	0.0353858508169651
